id,publicado_em,visto_em,fonte,categoria,titulo,link
5df4010c9cc91017,2026-09-28T15:13:43+00:00,2026-10-01T11:08:22+00:00,soccergaming,leak,FC 27 Destined for Glory Team 2 Players Leaked,https://soccergaming.com/fc-27-destined-for-glory-team-2-players-leaked/
b6cc2c1a93647c8d,2026-09-29T11:38:39+00:00,2026-10-01T11:08:22+00:00,gnews_promo,evolucao,"FC 27 Pivot Shift Evolution Guide: Best Players, Requirements & Upgrades - RealSport101",https://news.google.com/rss/articles/CBMiowFBVV95cUxNS05PT09QS0tFNENDaEJoRk9ib25XNS1jamlZZXNkTUxaOTllcllqQzJYV0lqUndnTS1pdFRmMjVJa2h0TVQwTzNQRFhmQXZFd05MRGdQbDhnLTNla3ZVWW50azV5eV9KSGFzcFJrUFE0NV9oRlpseWdnZjRQU0stRnNhdERnRFQzUVRxMFVzTnJ1NnM1YnB6bWhoeS1JZ2h4RWhJ?oc=5
ec5fb75d77ba5384,2026-09-29T13:19:42+00:00,2026-10-01T11:08:22+00:00,gnews_leaks,leak,"EA FC 27 Destined for Glory Team 2: Leaked Players, Ratings, Release Date and Which Cards Are Worth It - WhatsGaming",https://news.google.com/rss/articles/CBMixwFBVV95cUxPekVCOF9fMTd6Nko5OGJoWENWc0tlNnIxZ3UzUzdLVWRoVlBYNUlJeDNpLU5UbGluWGJ0VFBUZ3NTYWdTVTZacl9hTjN1OW12T3kyVUpGZEJlNUZtTU10aURCUVRKRnRNUDh4SG1oUmtralBqWmVKUU1qMDZkQVZ3X3dOQ2hpX2Ewb3dIMVpBRFA0LUVZeXBIZkxtVkhfOUJqbEJ2NmNZc1JBaGVfNjdaUW40b3NiZGdxeVB0YUR6NjktX1psN3hV?oc=5
644a13bdcd2442d3,2026-09-29T18:04:00+00:00,2026-10-01T11:08:22+00:00,gnews_sbc,sbc,FC 27 Destined for Glory Challenge 2 SBC solutions and rewards - Destructoid,https://news.google.com/rss/articles/CBMilgFBVV95cUxObmRhM1RjTjU1U0l3UjkzREFWTTNGNThZNnZDMG8wMXhtTF82NXlnLTR0Ym1kZ2FFYTdDVU9YT2hJbG85TnVMb3lxVVVPNnpTeUs3dzZYN0FETHdEMnhSRlZVeTZoaDBSY1hFYnRPOC1MSVptNGtUdTc0X2JCdDBiMDlhbUY1MDFVM3phbmpYWFI3UElYcnc?oc=5
774a0eeedfc00ee3,2026-09-29T20:03:40+00:00,2026-10-01T11:08:22+00:00,gnews_promo,promo,FC 27 Red Bull Promo Explained: Rewards & How It Works - RealSport101,https://news.google.com/rss/articles/CBMiogFBVV95cUxPWWZpWUY4VlRrcTQxWjJUdFFEYWtLZzNpX2dsVGRzNHBZbnowM0tocFd6eHQ3dlJHQUpfTkItQ19pOXFkX1lFOVNIT3UxUWpDQ1MtMEdSQkJqakJWRG5KbkptUEJjb0xNMXdmQzd2Zm4zd25YNjdHSnNFNDBYb1VtWkdEN1A2UGM0VG14Njg5YzdXWkRpa1l4eVVLZXFzempRTVE?oc=5
18f2f834d2d0e8c8,2026-09-29T20:22:34+00:00,2026-10-01T11:08:22+00:00,gnews_promo,evolucao,FC 27 Frontline Paradox Evolution Guide: Best Players & Pathways - RealSport101,https://news.google.com/rss/articles/CBMimgFBVV95cUxQOEQzbkplWk5ZMmI5VmRYZnB4bE1Rd19vbnROQUVTdXFXTVlURzhDOVZob0w1SUZ3bExaUVJLT1AwMERqVWw5WVpReWRnVzNaS1RYTm9zX19TOWRicnhFeUItZG9VU2Y0amppN3pvRmpaOGViZS1tem91TlU1RWVvRXZ0N0hicTVIUFhlNnZUal9ocmEyUERRblN3?oc=5
61f9875e83da48a1,2026-09-29T22:16:00+00:00,2026-10-01T11:08:22+00:00,gnews_promo,evolucao,5 Best players for EA FC 27 Flank Identity EVO - Sportskeeda,https://news.google.com/rss/articles/CBMihAFBVV95cUxOSWxJejMxOTdsc2xsU1ROSU5Zams1dUtYU3JTcTZjT3E4R0V3VU5SdlR4N2lkMnFmREUxd0thaU1xM1lrWFF3elNxUGhNMjVCUUtsUmdsS01FRHdwM2g5Qmp3OTZvUTdvTUZ4S05kdExZR1hEVE1xS3BWNmphUUNpVkxRUm0?oc=5
671ef4a4c6109502,2026-09-29T22:40:11+00:00,2026-10-01T11:08:22+00:00,gnews_sbc,sbc,FC 27 Guide: How to Complete Streamlined SBCs - games.gg,https://news.google.com/rss/articles/CBMihAFBVV95cUxPTTVUZkRkZ0pvQ3VwcmlxVXgyOE5RQWpRT09GLTEyaS0zV2VEQlp1eHdlV0QtaUJSMXNnWFlTb0pXQnEtV1NBVXZwSVFGVGlRTkNRNXBMTDgtVkRPNUFwMkRCV1NWZ2NXTGFPT1NIUDNYQlU4RWZPUy1NWmJTMnZXVVNzdnU?oc=5
6ed87fb84ad5f3c9,2026-09-29T22:43:36+00:00,2026-10-01T11:08:22+00:00,gnews_sbc,sbc,FC 27 League & Nation Advanced SBC: All Requirements and Rewards - games.gg,https://news.google.com/rss/articles/CBMifkFVX3lxTE45anhna3ZpY1g0Nmx4THVXSUJoT3BNSUdvUVdmbGppSHByZmlicWwteXplM3BtZFBZRjY1RmhrcFpROHZ6STgyUzFZY3Z6cmt6Rm1JWTJ3c2VkdnlxNlNhazJtWjgzTjNMMWVnY2pZa1Mtd055bGxaUmFKWTlFQQ?oc=5
ecbf5a13df4a65f6,2026-09-30T12:14:07+00:00,2026-10-01T11:08:22+00:00,gnews_leaks,leak,"FC 27 TOTW 3 Leaks: Odegaard, Chawinga & Full Squad Stats - RealSport101",https://news.google.com/rss/articles/CBMipwFBVV95cUxNamNkRVJ6UkdwbjdMdkdxOFhPcGViX0hmamsxSExSSWV4WW1ZdF9qbVNPTFBYbi0xTFdyUFRTaFl5R3V2Y00yRWVfc1JOSlZUSUNYWU9pTmx0V2xzLUlTWWtHajFzSFlqRWhSMlFhMHhkeDhyTDZJek5OOC1WY0pOdVdaR3hsVDN1RWJPcHQ2dlBuUElzWFJvUWJVUWdLSTNscU1rWV9Mdw?oc=5
d6d59da11edf1cb9,2026-09-30T17:39:00+00:00,2026-10-01T11:08:22+00:00,gnews_promo,evolucao,Best players for FC 27 Trust the Keeper Evolution - Destructoid,https://news.google.com/rss/articles/CBMihAFBVV95cUxPUEgtR3JHNGtOZjZpU3kyUElVSFl1SVg2V0labFoxNGJWVUw2ems1WFJqSUh0WWFkZXhIQkszek9PbHhfRnpSMUV0UkUtbFNQQjY0LVc2clBEYjc4VlMxajZDbmpZQUFIaEZ1UDZNRDdlNHA2RjhYdjNxVUg4ZVJFZDF5SFU?oc=5
49aa07717a809e1d,2026-09-30T19:22:58+00:00,2026-10-01T11:08:22+00:00,soccergaming,totw,EA Sports FC 27 Team of the Week 3 Revealed,https://soccergaming.com/ea-sports-fc-27-team-of-the-week-3-revealed/
57558879655aafd6,2026-09-30T17:00:00+00:00,2026-10-01T18:27:56+00:00,gnews_leaks,totw,"FC 27 TOTW 3: Full Team, Ratings, Players, Release Date and Which Cards Are Worth It - WhatsGaming",https://news.google.com/rss/articles/CBMirgFBVV95cUxPWlBtMTRlVzd2ZC1ZVkpfTFdTaFFjU2ZZbVhVTjRUQkhrMkxfcEZzU2FMbEhRWDBoU3hwdmVqYzY2ak9ZRnZLYktnVnNhcUZhZXFDMEpVUmx4RU01UHN4ZjBNNWJHeEdoNndNMWpmMjNDMmhIcTlBaUN4azc4QnR4SGdrMFpuckw1VWt2emRjbXhxeDk0NDF2MDhMN1ZleUNORmRxZVd6YXBGSTdLcXc?oc=5
82db6dc045b3f8f5,2026-10-01T13:11:15+00:00,2026-10-01T18:27:56+00:00,gnews_leaks,promo,"EA FC 27 Destined for Glory Team 2: Full Squad, Ratings & Best Cards - games.gg",https://news.google.com/rss/articles/CBMigAFBVV95cUxNZ0Frem5aTXlnWHYzUDVzd1dsU1lHYTZoZGUzU29obDBadTY2Y3ctbWFKaFF1WWRVcnBKMzluZXdQc01nRVItQm9SeHdJeVd3ek92SXFXZGplVklDS0tHNGNFQ0pFVEdJRzFKTHhSUGl2S2YxVDlzZHY3bWdPTDNaZw?oc=5
7bc0359b34d54790,2026-10-01T13:11:15+00:00,2026-10-01T18:27:56+00:00,gnews_sbc,promo,EA FC 27 Tactical Trials: Complete All Objectives and Unlock Lucas Rosa - games.gg,https://news.google.com/rss/articles/CBMie0FVX3lxTE1kaFFFNHl6amREQ21jTmxCbmN1azlSemJwUWRGd3dEZE9wVG5IdXBkTVhJS19HcVpuZWExOXl1Ynd1VXhUU1pIV2RXdzllSVdYZWhScGdqNnJyWTM1SUd1XzhDQzBJMjdZbUNOamxlX081X3h5em5tMlVCRQ?oc=5
7554d62c0f210121,2026-10-01T13:11:19+00:00,2026-10-01T18:27:56+00:00,gnews_promo,evolucao,"FC 27 FUT Evolutions Guide: Pathways, Chains, and Player Growth - games.gg",https://news.google.com/rss/articles/CBMidkFVX3lxTE8yMW1CcWNpZThSTEtLeDZLb1d5aTZwQm0tbzhLamFldDAtbHh0WkdSd0g4RGV6OTZhTU93VlJPRVJOMk1LSTIwNFF1TmZqVUNacUtiYks4UHVzd0dES21BbnUwY3NCNDVydjNnVll5T2owa2tmVlE?oc=5
c332e8abdf7b188d,2026-10-01T17:29:00+00:00,2026-10-01T18:27:56+00:00,gnews_promo,evolucao,Best players for FC 27 Backline Conductor Evolution - Destructoid,https://news.google.com/rss/articles/CBMihwFBVV95cUxNeF9RTlc5Y3FDbDhiMHBIQmhqNXJKNFZ2dHJCNm9vYkd3THhIMXFOYTJXUDhibkk1S0VYdzJ1emE1dFN4UEVTN0lua0t1VkxSRnRxRGtKbmN1VUlHdFJCUkl1UHJuMnJuRTVFN1F6SzhuazB5Skh3T3lTTEdYV3IwMFpIU2FuRFE?oc=5
b1f97ca142111163,2026-10-01T19:33:58+00:00,2026-10-01T23:57:00+00:00,gnews_sbc,sbc,FC 27 Guide: Destined for Glory Challenge 2 SBC Solutions - games.gg,https://news.google.com/rss/articles/CBMilgFBVV95cUxNWm8zd3dWazEwcFVsaG9KblNMeUtva0VuUWZBV0FUNGQyeDNFX1U3bC10M1M2bVUyb2EzbG85TVU0S3h5WGFoT0t2UWxkbmxFQ0lPcV9XRDB3YUFOWThYWnJWbWd3cE9iVFR2enM3VkZSaG9WbXpNQnZTaWl3cG5LWGRVek1qR1pzSndSVGRMYzhHYnNycXc?oc=5
c3bd49db770309e6,2026-10-01T21:32:00+00:00,2026-10-01T23:57:00+00:00,gnews_promo,evolucao,Best players for FC 27 Frontline Flair Evolution - Destructoid,https://news.google.com/rss/articles/CBMigwFBVV95cUxOQVdwRFNFX3dmaC1ieU1yQkZQbnVLbFZsTDd5WTZSVi1CbDFIWjZXQVlyeTlwOUpkQXVlQ3VLT1RLU0VfZG53UEZJS2VvQk1WcTFWWmEzbzlhVHBLZ0pkZjMwVHZHeEFCQzBjRElucTZrQkFQOUdsNUlWSk52UHV4VWRScw?oc=5
09b34bd865fa7089,2026-10-02T11:38:30+00:00,2026-10-02T12:49:05+00:00,gnews_leaks,leak,FC 27 Destined for Glory Team 2: All Leaked SBC & Objective Cards - realsport101.com,https://news.google.com/rss/articles/CBMikwFBVV95cUxNRFZYZ2hxdTVBc3JvZVZLR2Z2QzEzYlR4UkxyMVBHdmZfd0FDOVh4bjlRa3Ata0RBdHVYX0doVkdnQXk2Q1hoNlBqRUlZRXRsM2dsZGdEbFRrdnJ0aGthbldSeXlYWV9OWlRHSmdMbDE2b2RfcGRSM3BraEhISE5lazhXaS1PeURFYkRQZVVmSTRNOU0?oc=5
7ed84d85075dd3eb,2026-10-02T15:44:00+00:00,2026-10-02T19:23:58+00:00,gnews_leaks,leak,"EA FC 27 Destined for Glory Team 2 leaks, predictions and launch time - mirror.co.uk",https://news.google.com/rss/articles/CBMid0FVX3lxTE1QLUNaN1hoMVFKbnpRT1ZTaWNqV2RPb215cmw1djZYM05lREtMWHlYcmdhOE9KLUNlTlJQTG1YZFBZaDkwblJQOHJvZHdOdnhHVGcxWUx2VEdCaDlrZ1JXVFFIWmRSTndBQWJmYzdsYVdGUExpeDZV0gF3QVVfeXFMTVAtQ1o3WGgxUUpuelFPVlNpY2pXZE9vbXlybDV2NlgzTmVES0xYeVhyZ2E4T0otQ2VOUlBMbVhkUFloOTBuUlA4cm9kd052eEdUZzFZTHZUR0JoOWtnUldUUUhaZFJOd0FBYmZjN2xhV0ZQTGl4NlU?oc=5
5179caae07a4221a,2026-10-02T17:40:49+00:00,2026-10-02T19:23:58+00:00,gnews_promo,evolucao,Best players for FC 27 Wing Specialization Evolution - Yahoo Tech,https://news.google.com/rss/articles/CBMigwFBVV95cUxNTWdiR3V1OXBaOEc3Y0ExeDVzVWx0Z2ZOWkJyYldBSk5MSFNFNFNRYTNnVXJjcVdYT0RNWDNmSkRpeE1SREVjam1BY3RfWWplU05PV0J2VGZNZkFtTW9sZlNoRnhNQVhLSzJZcTlhTC1EbDFnY193eEpnRV8yVXExQ2Q0VQ?oc=5
c423530e57dddc60,2026-10-02T19:52:21+00:00,2026-10-02T23:51:04+00:00,gnews_promo,evolucao,FC 27 Backline Conductor Evolution: 5 Best CBs To Upgrade - RealSport101,https://news.google.com/rss/articles/CBMinwFBVV95cUxPQXZTTlQwOGNmQXhuS1lUdzA5cHhtTGtlejJ1cDlNOEpud1h3ajFIX3VNcUFQMDExQU1ETkZXUGxIbGZsQnZ2a3otTTI3M0xCMHBxRFNqTWVheklEZ2hQM1BrN2s5a1lwYXQyYXlRa1lOS3ZWZlFOb3J4V1p2SjMtRU5yczM3QThsMVJ3VXRTTGQyUV9tZEpHYll0c21acGc?oc=5
e5f69e3e7ce91079,2026-10-02T20:05:56+00:00,2026-10-02T23:51:04+00:00,gnews_promo,evolucao,"FC 27 Trust the Keeper Evolution Guide: Best Players, Upgrades & Requirements - RealSport101",https://news.google.com/rss/articles/CBMiqgFBVV95cUxObzhUbE1JOXJxQkwwSjZpYVM1aS0zRHE1Sk4wLUU4ZENGZTZvZ05XMXloREJ1dlpVemp5ZGNwcnBtcXhxaXRDa3hDN3FEYVpBM0JNdFprS2dhbHlCcUJqMGJkZW9LTWhqWjJkYmhqd3pfS3c4bEhsN1YzV3Ywa0pianZuSEhyQmpCaTRRV3ZZZzhNSi1oZUxEeXBMUW41cFZzSE5sYjRLLVdrdw?oc=5
a2ea8e54ef9ec035,2026-10-02T22:16:00+00:00,2026-10-02T23:51:04+00:00,gnews_sbc,sbc,Best EA FC 27 Maghnes Akliouche Destined for Glory SBC solution - sportskeeda.com,https://news.google.com/rss/articles/CBMimwFBVV95cUxOZ1dJRVoyWkd5dnlTNXdRMnNiTmwxSWQzMVpCdlQ0UUx1QzltQTR4LVhTMFNKZ0JOUXdJQVBwd3FvazlxZU4zbDBGOVlrcXI0aTZmekxrSy1ZMDlIRnRPYU9NWXp0dXBjV2VLSWJKdWlwdFk4Z1ZnaHZad3ZvWGZUVVZOWVFIMnhVQk5PT3dGdHRmeHRFMVRqbjdkSQ?oc=5
95138c9b2fdc28aa,2026-10-02T23:27:40+00:00,2026-10-02T23:51:04+00:00,soccergaming,promo,EA Sports FC 27 Destined for Glory Team 2 Players,https://soccergaming.com/ea-sports-fc-27-destined-for-glory-team-2-players/
6065efd58850e6d0,2026-10-02T23:49:00+00:00,2026-10-03T05:27:03+00:00,gnews_sbc,sbc,Best EA FC 27 Raphinha LaLiga POTM SBC solution - Sportskeeda,https://news.google.com/rss/articles/CBMiiwFBVV95cUxOVmRTX2U3c05JQUtpWk9Qc2dSSlZNaVFiSno4RElzRjdjalpubUVUOFJabnVjbkY4ZmlkbUFEU2hWTGpBaE5HOGtxanlBcmJNMFVhRWI4bkZWWGZjMzYtYWpJeE8taXQ2VmNNMDIyajJ6RFF3VnIyU0dhd0gzX016VDVrOUZPcElNT2ow?oc=5
ccf9320ac9332276,2026-10-03T01:00:00+00:00,2026-10-03T05:27:03+00:00,gnews_sbc,sbc,Best EA FC 27 Pascal Groß Premier League POTM SBC solution - Sportskeeda,https://news.google.com/rss/articles/CBMimAFBVV95cUxPTXNTTl9JNDEyWVprU1dILXpIVG80ci1BSS1jNVZISUtQbm05WVBBNXRtQ3lUUk1hRndNbFVLMm1aeDRFNW0xMnMyMU5Tazd6TGtGaXVzVGlBTTdJckNmckpxNHhLcHFoa1EwMFp6cGNUSUVKd0dVSnl2UzZ2Vm12ZmtDekRvQW1hQWtvcTlhWFphamV3c3c3dw?oc=5
8ffcc6e90bf2a602,2026-10-03T01:57:00+00:00,2026-10-03T05:27:03+00:00,gnews_sbc,promo,All EA FC 27 Destined for Glory Team 2 players - Sportskeeda,https://news.google.com/rss/articles/CBMiiwFBVV95cUxNSkItbzV4bEgySUpyaXFDdndDeXV3OEFJcTNuS1BLczNqX2Q1Yms3TXFwQkpwLV9Pb3BsRkU5cWx5Q1N6V01uS08tYVZ1T09FY1U3ZGtNWU00eWJfZVpiLURKRm9Ca1JjZ25ja2x1ZW1nOTdwOEY4TVdfUjJSRFR2RTZndWNwV1FsR0JV?oc=5
3ad6e5cc5793ae86,2026-10-03T07:20:00+00:00,2026-10-03T11:48:29+00:00,gnews_sbc,sbc,Best EA FC 27 Donyell Malen Serie A POTM SBC solution - Sportskeeda,https://news.google.com/rss/articles/CBMikwFBVV95cUxPQmdRZHZRaVl4NWdCRktxRHJic0pfNFlERUxzWlJnVm1YeGJISlB2UkM3d3p3WDVMVmZXLW5QQmM5ZDZoSDRsQzJoYlpNOEtqWVg1b0RuZkJQc0MwMDFwY1NuWGVvbXdPbHdjNXlIR1BZdHFSYzIyTVl5ZUdRc0xZc015Z0hoRmhnbW0tdmh0NW1SVkk?oc=5
